Barcode,Part Number,Title,Description,Spec,Brand,Platform,Image 1,Image 2,Image 3,Image 4
5055269709107,,,,,,,,,,
5055269709190,,,,,,,,,,
5055269709312,,,,,,,,,,
5055269709992,,,,,,,,,,
5055269710257,,,,,,,,,,
5055269710271,,,,,,,,,,
5055269710790,,,,,,,,,,
5055269711643,,,,,,,,,,
5055269711711,,,,,,,,,,
5055269712091,,,,,,,,,,
5055269712152,,,,,,,,,,
5055269712169,,,,,,,,,,
5055269712206,,,,,,,,,,
5055269712312,,,,,,,,,,
5055269712619,,,,,,,,,,
5055269712626,,,,,,,,,,
5055269712633,,,,,,,,,,
5055269712640,,,,,,,,,,
5055269712763,,,,,,,,,,
